id,price,order,title,url,img,date,ticketStatus
144584,NOK 100,1,Alice i Eventyrland,https://www.hamar-kulturhus.no/arrangementer/144584/alice-i-eventyrland/,https://cdn.tixly.com/no/tix/EventImages/Event_49242.jpg?tixlyImageCacheKey=1788777662,10. oktober 2026,Få billetter igjen
144622,NOK 100,2,Språktreff,https://www.hamar-kulturhus.no/arrangementer/144622/spraktreff/,https://cdn.tixly.com/no/tix/EventImages/Event_49186.jpg?tixlyImageCacheKey=1788855507,Fra 12. oktober 2026,Gratis inngang
144615,NOK 100,3,Kom i gang med Biblio,https://www.hamar-kulturhus.no/arrangementer/144615/kom-i-gang-med-biblio/,https://cdn.tixly.com/no/tix/EventImages/Event_49201.jpg?tixlyImageCacheKey=1788857628,Fra 14. oktober 2026,Gratis inngang
144571,NOK 100,4,Seniorakademiet,https://www.hamar-kulturhus.no/arrangementer/144571/seniorakademiet/,https://cdn.tixly.com/no/tix/EventImages/Event_49255.jpg?tixlyImageCacheKey=1788787127,Fra 15. oktober 2026,Gratis inngang
144603,NOK 100,5,Digihjelp,https://www.hamar-kulturhus.no/arrangementer/144603/digihjelp/,https://cdn.tixly.com/no/tix/EventImages/Event_49216.jpg?tixlyImageCacheKey=1788772639,Fra 15. oktober 2026,Gratis inngang
144545,NOK 100,6,Ubesvart anrop,https://www.hamar-kulturhus.no/arrangementer/144545/ubesvart-anrop/,https://cdn.tixly.com/no/tix/EventImages/Event_49336.jpg?tixlyImageCacheKey=1788949900,15. oktober 2026,Få billetter igjen
144558,NOK 100,7,SYNG!,https://www.hamar-kulturhus.no/arrangementer/144558/syng/,https://cdn.tixly.com/no/tix/EventImages/Event_49272.jpg?tixlyImageCacheKey=1788867699,Fra 15. oktober 2026,Ledige billetter
144624,NOK 100,8,Linda Eide Språksjov,https://www.hamar-kulturhus.no/arrangementer/144624/linda-eide-spraksjov/,https://cdn.tixly.com/no/tix/EventImages/Event_49182.jpg?tixlyImageCacheKey=1788767503,15. oktober 2026,Ledige billetter
144620,NOK 100,9,Bjørnov tar det piano,https://www.hamar-kulturhus.no/arrangementer/144620/bjornov-tar-det-piano/,https://cdn.tixly.com/no/tix/EventImages/Event_49189.jpg?tixlyImageCacheKey=1788776077,16. oktober 2026,Få billetter igjen
144617,NOK 100,10,Divaer med boots og høye hæler,https://www.hamar-kulturhus.no/arrangementer/144617/divaer-med-boots-og-hoye-haeler/,https://cdn.tixly.com/no/tix/EventImages/Event_49196.jpg?tixlyImageCacheKey=1788769602,16. oktober 2026,Få billetter igjen
144616,NOK 100,11,Lørdagsmatiné,https://www.hamar-kulturhus.no/arrangementer/144616/lordagsmatine-3/,https://cdn.tixly.com/no/tix/EventImages/Event_49200.jpg?tixlyImageCacheKey=1788770200,17. oktober 2026,Ledige billetter
144543,NOK 100,12,Medlien på flukt,https://www.hamar-kulturhus.no/arrangementer/144543/medlien-pa-flukt/,https://cdn.tixly.com/no/tix/EventImages/Event_49521.jpg?tixlyImageCacheKey=1789990478,20. oktober 2026,Gratis inngang
144609,NOK 100,13,Storhamar Blandede Kor,https://www.hamar-kulturhus.no/arrangementer/144609/storhamar-blandede-kor/,https://cdn.tixly.com/no/tix/EventImages/Event_49209.jpg?tixlyImageCacheKey=1788771739,21. oktober 2026,Ledige billetter
144606,NOK 100,14,Ingebjørg Bratland med band,https://www.hamar-kulturhus.no/arrangementer/144606/ingebjorg-bratland-med-band/,https://cdn.tixly.com/no/tix/EventImages/Event_49213.jpg?tixlyImageCacheKey=1788772025,22. oktober 2026,Ledige billetter
144631,NOK 100,15,"Litteraturscena: Religionen i litteraturen, litteraturen i religionen",https://www.hamar-kulturhus.no/arrangementer/144631/litteraturscena-religionen-i-litteraturen-litteraturen-i-religionen/,https://cdn.tixly.com/no/tix/EventImages/Event_50839.jpg?tixlyImageCacheKey=1791368741,22. oktober 2026,Gratis inngang
144593,NOK 100,16,Pinocchio,https://www.hamar-kulturhus.no/arrangementer/144593/pinocchio/,https://cdn.tixly.com/no/tix/EventImages/Event_49229.jpg?tixlyImageCacheKey=1788774746,25. oktober 2026,Ledige billetter
144591,NOK 100,17,Trina Coleman & Hamar messingensemble,https://www.hamar-kulturhus.no/arrangementer/144591/trina-coleman-hamar-messingensemble/,https://cdn.tixly.com/no/tix/EventImages/Event_49233.jpg?tixlyImageCacheKey=1788775772,25. oktober 2026,Ledige billetter
144601,NOK 100,18,Boktipset,https://www.hamar-kulturhus.no/arrangementer/144601/boktipset/,https://cdn.tixly.com/no/tix/EventImages/Event_49218.jpg?tixlyImageCacheKey=1788780743,Fra 27. oktober 2026,Gratis inngang
144594,NOK 100,19,Vettug viten,https://www.hamar-kulturhus.no/arrangementer/144594/vettug-viten-2/,https://cdn.tixly.com/no/tix/EventImages/Event_49228.jpg?tixlyImageCacheKey=1788853843,28. oktober 2026,Gratis inngang
144590,NOK 100,20,Dora Thorhallsdottir,https://www.hamar-kulturhus.no/arrangementer/144590/dora-thorhallsdottir/,https://cdn.tixly.com/no/tix/EventImages/Event_49234.jpg?tixlyImageCacheKey=1788776132,28. oktober 2026,Få billetter igjen
144587,NOK 100,21,Krimaften 2 med Milli og Brenna,https://www.hamar-kulturhus.no/arrangementer/144587/krimaften-2-med-milli-og-brenna/,https://cdn.tixly.com/no/tix/EventImages/Event_49239.jpg?tixlyImageCacheKey=1788777479,29. oktober 2026,Ledige billetter
144582,NOK 100,22,Odd Nordstoga,https://www.hamar-kulturhus.no/arrangementer/144582/odd-nordstoga/,https://cdn.tixly.com/no/tix/EventImages/Event_49244.jpg?tixlyImageCacheKey=1788777777,30. oktober 2026,Ledige billetter
144577,NOK 100,23,Cash commitment,https://www.hamar-kulturhus.no/arrangementer/144577/cash-commitment/,https://cdn.tixly.com/no/tix/EventImages/Event_49249.jpg?tixlyImageCacheKey=1788778357,31. oktober 2026,Ledige billetter
144627,NOK 100,24,Triolen 2026,https://www.hamar-kulturhus.no/arrangementer/144627/triolen-2026/,https://cdn.tixly.com/no/tix/EventImages/Event_50812.jpg?tixlyImageCacheKey=1791281440,1. november 2026,Ledige billetter
144576,NOK 100,25,Tuva og Ronny,https://www.hamar-kulturhus.no/arrangementer/144576/tuva-og-ronny/,https://cdn.tixly.com/no/tix/EventImages/Event_49250.jpg?tixlyImageCacheKey=1788778649,4. november 2026,Ledige billetter
144574,NOK 100,26,Onsdagsjam,https://www.hamar-kulturhus.no/arrangementer/144574/onsdagsjam/,https://cdn.tixly.com/no/tix/EventImages/Event_49252.jpg?tixlyImageCacheKey=1788871430,Fra 4. november 2026,Gratis inngang
144605,NOK 100,27,Maja Lunde: Den julen du lyste,https://www.hamar-kulturhus.no/arrangementer/144605/maja-lunde-den-julen-du-lyste/,https://cdn.tixly.com/no/tix/EventImages/Event_49214.jpg?tixlyImageCacheKey=1788772248,4. november 2026,Ledige billetter
144585,NOK 100,28,Unni Wilhelmsen trio,https://www.hamar-kulturhus.no/arrangementer/144585/unni-wilhelmsen-trio/,https://cdn.tixly.com/no/tix/EventImages/Event_49241.jpg?tixlyImageCacheKey=1788777572,5. november 2026,Ledige billetter
144572,NOK 100,29,Hellbillies,https://www.hamar-kulturhus.no/arrangementer/144572/hellbillies/,https://cdn.tixly.com/no/tix/EventImages/Event_49254.jpg?tixlyImageCacheKey=1788779256,7. november 2026,Ledige billetter
144595,NOK 100,30,Verdens verste teater,https://www.hamar-kulturhus.no/arrangementer/144595/verdens-verste-teater/,https://cdn.tixly.com/no/tix/EventImages/Event_49227.jpg?tixlyImageCacheKey=1788784941,Fra 8. november 2026,Ledige billetter
144560,NOK 100,31,Susanne Sundfør,https://www.hamar-kulturhus.no/arrangementer/144560/susanne-sundfor/,https://cdn.tixly.com/no/tix/EventImages/Event_49269.jpg?tixlyImageCacheKey=1788782243,12. november 2026,Ledige billetter
144559,NOK 100,32,Odd R. Antonsen Storband med unge solister,https://www.hamar-kulturhus.no/arrangementer/144559/odd-r-antonsen-storband-med-unge-solister/,https://cdn.tixly.com/no/tix/EventImages/Event_49270.jpg?tixlyImageCacheKey=1788782488,13. november 2026,Ledige billetter
144538,NOK 100,33,Badebygjengen,https://www.hamar-kulturhus.no/arrangementer/144538/badebygjengen/,https://cdn.tixly.com/no/tix/EventImages/Event_49709.jpg?tixlyImageCacheKey=1790768857,14. november 2026,Gratis inngang
144611,NOK 100,34,Valkyrien Allstars,https://www.hamar-kulturhus.no/arrangementer/144611/valkyrien-allstars/,https://cdn.tixly.com/no/tix/EventImages/Event_49206.jpg?tixlyImageCacheKey=1788787489,14. november 2026,Ledige billetter
144589,NOK 100,35,Røtter,https://www.hamar-kulturhus.no/arrangementer/144589/rotter/,https://cdn.tixly.com/no/tix/EventImages/Event_49235.jpg?tixlyImageCacheKey=1788776140,15. november 2026,Ledige billetter
144561,NOK 100,36,Peter Pan - Under en magisk måne,https://www.hamar-kulturhus.no/arrangementer/144561/peter-pan-under-en-magisk-mane/,https://cdn.tixly.com/no/tix/EventImages/Event_49268.jpg?tixlyImageCacheKey=1788867464,17. november 2026,Få billetter igjen
144588,NOK 100,37,Kjære Larsen,https://www.hamar-kulturhus.no/arrangementer/144588/kjaere-larsen/,https://cdn.tixly.com/no/tix/EventImages/Event_49236.jpg?tixlyImageCacheKey=1788784908,18. november 2026,Få billetter igjen
144578,NOK 100,38,Bjørn & Bjarte,https://www.hamar-kulturhus.no/arrangementer/144578/bjorn-bjarte/,https://cdn.tixly.com/no/tix/EventImages/Event_49248.jpg?tixlyImageCacheKey=1788778271,19. november 2026,Ledige billetter
144569,NOK 100,39,Leprous,https://www.hamar-kulturhus.no/arrangementer/144569/leprous/,https://cdn.tixly.com/no/tix/EventImages/Event_49257.jpg?tixlyImageCacheKey=1788869044,20. november 2026,Ledige billetter
144566,NOK 100,40,Ylvis & Calle,https://www.hamar-kulturhus.no/arrangementer/144566/ylvis-calle/,https://cdn.tixly.com/no/tix/EventImages/Event_49261.jpg?tixlyImageCacheKey=1788869254,21. november 2026,Få billetter igjen
144610,NOK 100,41,Didrik Solli Tangen,https://www.hamar-kulturhus.no/arrangementer/144610/didrik-solli-tangen/,https://cdn.tixly.com/no/tix/EventImages/Event_49208.jpg?tixlyImageCacheKey=1788784511,28. november 2026,Få billetter igjen
144607,NOK 100,42,Førjulskonsert med Hedmarken Symfoniorkester,https://www.hamar-kulturhus.no/arrangementer/144607/forjulskonsert-med-hedmarken-symfoniorkester/,https://cdn.tixly.com/no/tix/EventImages/Event_49211.jpg?tixlyImageCacheKey=1788784538,29. november 2026,Ledige billetter
144604,NOK 100,43,Jula er her,https://www.hamar-kulturhus.no/arrangementer/144604/jula-er-her/,https://cdn.tixly.com/no/tix/EventImages/Event_49215.jpg?tixlyImageCacheKey=1788784629,2. desember 2026,Ledige billetter
144623,NOK 100,44,Eva Weel Skram,https://www.hamar-kulturhus.no/arrangementer/144623/eva-weel-skram/,https://cdn.tixly.com/no/tix/EventImages/Event_49185.jpg?tixlyImageCacheKey=1788871941,3. desember 2026,Få billetter igjen
144621,NOK 100,45,Darling West,https://www.hamar-kulturhus.no/arrangementer/144621/darling-west/,https://cdn.tixly.com/no/tix/EventImages/Event_49188.jpg?tixlyImageCacheKey=1788874211,4. desember 2026,Ledige billetter
144537,NOK 100,46,Big Easy - Sound of Giants,https://www.hamar-kulturhus.no/arrangementer/144537/big-easy-sound-of-giants/,https://cdn.tixly.com/no/tix/EventImages/Event_49712.jpg?tixlyImageCacheKey=1790771111,5. desember 2026,Ledige billetter
144619,NOK 100,47,Når nettene blir lange,https://www.hamar-kulturhus.no/arrangementer/144619/nar-nettene-blir-lange/,https://cdn.tixly.com/no/tix/EventImages/Event_49190.jpg?tixlyImageCacheKey=1788873910,10. desember 2026,Ledige billetter
144555,NOK 100,48,Jul med Prøysen,https://www.hamar-kulturhus.no/arrangementer/144555/jul-med-proysen/,https://cdn.tixly.com/no/tix/EventImages/Event_49294.jpg?tixlyImageCacheKey=1788871788,12. desember 2026,Gratis inngang
144614,NOK 100,49,Bård Tufte Johansen,https://www.hamar-kulturhus.no/arrangementer/144614/bard-tufte-johansen/,https://cdn.tixly.com/no/tix/EventImages/Event_49202.jpg?tixlyImageCacheKey=1788873788,Fra 12. desember 2026,Få billetter igjen
144554,NOK 100,50,Putti Plutti Pott,https://www.hamar-kulturhus.no/arrangementer/144554/putti-plutti-pott/,https://cdn.tixly.com/no/tix/EventImages/Event_49295.jpg?tixlyImageCacheKey=1788872605,Fra 13. desember 2026,Få billetter igjen
144553,NOK 100,51,Desemberstemninger,https://www.hamar-kulturhus.no/arrangementer/144553/desemberstemninger/,https://cdn.tixly.com/no/tix/EventImages/Event_49298.jpg?tixlyImageCacheKey=1788926157,15. desember 2026,Ledige billetter
144552,NOK 100,52,Knut Anders Sørum,https://www.hamar-kulturhus.no/arrangementer/144552/knut-anders-sorum/,https://cdn.tixly.com/no/tix/EventImages/Event_49299.jpg?tixlyImageCacheKey=1788926514,16. desember 2026,Ledige billetter
144550,NOK 100,53,Trio Mediæval,https://www.hamar-kulturhus.no/arrangementer/144550/trio-mediaeval/,https://cdn.tixly.com/no/tix/EventImages/Event_49301.jpg?tixlyImageCacheKey=1788927646,18. desember 2026,Ledige billetter
144549,NOK 100,54,Christel Alsos,https://www.hamar-kulturhus.no/arrangementer/144549/christel-alsos/,https://cdn.tixly.com/no/tix/EventImages/Event_49302.jpg?tixlyImageCacheKey=1788927928,19. desember 2026,Ledige billetter
144548,NOK 100,55,Nyttårskonsert 2027,https://www.hamar-kulturhus.no/arrangementer/144548/nyttarskonsert-2027/,https://cdn.tixly.com/no/tix/EventImages/Event_49303.jpg?tixlyImageCacheKey=1788928470,14. januar 2027,Ledige billetter
144612,NOK 100,56,Hurramegrundt i 80 med Øystein Sunde,https://www.hamar-kulturhus.no/arrangementer/144612/hurramegrundt-i-80-med-oystein-sunde/,https://cdn.tixly.com/no/tix/EventImages/Event_49205.jpg?tixlyImageCacheKey=1788770887,15. januar 2027,Få billetter igjen
144586,NOK 100,57,Nils-Ingar Aadne,https://www.hamar-kulturhus.no/arrangementer/144586/nils-ingar-aadne/,https://cdn.tixly.com/no/tix/EventImages/Event_49240.jpg?tixlyImageCacheKey=1788777501,16. januar 2027,Ledige billetter
144583,NOK 100,58,Ta telling med Elling,https://www.hamar-kulturhus.no/arrangementer/144583/ta-telling-med-elling/,https://cdn.tixly.com/no/tix/EventImages/Event_49243.jpg?tixlyImageCacheKey=1788777725,21. januar 2027,Ledige billetter
144581,NOK 100,59,Jørn Hoel & Steinar Albrigtsen,https://www.hamar-kulturhus.no/arrangementer/144581/jorn-hoel-steinar-albrigtsen/,https://cdn.tixly.com/no/tix/EventImages/Event_49245.jpg?tixlyImageCacheKey=1788777928,22. januar 2027,Ledige billetter
144579,NOK 100,60,Åge Sten Nilsen med band,https://www.hamar-kulturhus.no/arrangementer/144579/age-sten-nilsen-med-band/,https://cdn.tixly.com/no/tix/EventImages/Event_49247.jpg?tixlyImageCacheKey=1788778249,23. januar 2027,Ledige billetter
144598,NOK 100,61,Markens grøde,https://www.hamar-kulturhus.no/arrangementer/144598/markens-grode/,https://cdn.tixly.com/no/tix/EventImages/Event_49223.jpg?tixlyImageCacheKey=1788787901,Fra 28. januar 2027,Få billetter igjen
144575,NOK 100,62,Arild Andersen Group,https://www.hamar-kulturhus.no/arrangementer/144575/arild-andersen-group/,https://cdn.tixly.com/no/tix/EventImages/Event_49251.jpg?tixlyImageCacheKey=1788779007,29. januar 2027,Ledige billetter
144573,NOK 100,63,Local Heroes,https://www.hamar-kulturhus.no/arrangementer/144573/local-heroes/,https://cdn.tixly.com/no/tix/EventImages/Event_49253.jpg?tixlyImageCacheKey=1788779243,30. januar 2027,Ledige billetter
144570,NOK 100,64,Iselin Guttormsen,https://www.hamar-kulturhus.no/arrangementer/144570/iselin-guttormsen/,https://cdn.tixly.com/no/tix/EventImages/Event_49256.jpg?tixlyImageCacheKey=1788779722,4. februar 2027,Ledige billetter
144563,NOK 100,65,"Peeropolis - Vi er tanker, du skulle tenkt oss",https://www.hamar-kulturhus.no/arrangementer/144563/peeropolis-vi-er-tanker-du-skulle-tenkt-oss/,https://cdn.tixly.com/no/tix/EventImages/Event_49266.jpg?tixlyImageCacheKey=1788781742,Fra 5. februar 2027,Ledige billetter
144540,NOK 100,66,Lords of the Sound,https://www.hamar-kulturhus.no/arrangementer/144540/lords-of-the-sound/,https://cdn.tixly.com/no/tix/EventImages/Event_49701.jpg?tixlyImageCacheKey=1790751483,6. februar 2027,Ledige billetter
144568,NOK 100,67,Kristian Valen,https://www.hamar-kulturhus.no/arrangementer/144568/kristian-valen/,https://cdn.tixly.com/no/tix/EventImages/Event_49258.jpg?tixlyImageCacheKey=1788779986,12. februar 2027,Ledige billetter
144536,NOK 100,68,Erlend Ropstad med band,https://www.hamar-kulturhus.no/arrangementer/144536/erlend-ropstad-med-band/,https://cdn.tixly.com/no/tix/EventImages/Event_49729.jpg?tixlyImageCacheKey=1790850595,13. februar 2027,Ledige billetter
144541,NOK 100,69,Dyrene i Hakkebakkeskogen,https://www.hamar-kulturhus.no/arrangementer/144541/dyrene-i-hakkebakkeskogen/,https://cdn.tixly.com/no/tix/EventImages/Event_49697.jpg?tixlyImageCacheKey=1790749700,14. februar 2027,Ledige billetter
144567,NOK 100,70,"Pernille Sørensen, Live Nelvik, Kristine Riis",https://www.hamar-kulturhus.no/arrangementer/144567/pernille-sorensen-live-nelvik-kristine-riis/,https://cdn.tixly.com/no/tix/EventImages/Event_49259.jpg?tixlyImageCacheKey=1788780354,20. februar 2027,Ledige billetter
144564,NOK 100,71,Shine On You,https://www.hamar-kulturhus.no/arrangementer/144564/shine-on-you/,https://cdn.tixly.com/no/tix/EventImages/Event_49264.jpg?tixlyImageCacheKey=1788781207,12. mars 2027,Ledige billetter
144546,NOK 100,72,Knut Skeie Solberg,https://www.hamar-kulturhus.no/arrangementer/144546/knut-skeie-solberg/,https://cdn.tixly.com/no/tix/EventImages/Event_49326.jpg?tixlyImageCacheKey=1788944147,18. mars 2027,Ledige billetter
144547,NOK 100,73,Kakejazz,https://www.hamar-kulturhus.no/arrangementer/144547/kakejazz/,https://cdn.tixly.com/no/tix/EventImages/Event_49306.jpg?tixlyImageCacheKey=1788944381,17. april 2027,Ledige billetter
144539,NOK 100,74,Lørdagsmatiné: Vold & Virud,https://www.hamar-kulturhus.no/arrangementer/144539/lordagsmatine-vold-virud/,https://cdn.tixly.com/no/tix/EventImages/Event_49706.jpg?tixlyImageCacheKey=1790768994,24. april 2027,Ledige billetter
144562,NOK 100,75,Bendik Hofseth,https://www.hamar-kulturhus.no/arrangementer/144562/bendik-hofseth/,https://cdn.tixly.com/no/tix/EventImages/Event_49267.jpg?tixlyImageCacheKey=1788781816,15. oktober 2027,Ledige billetter
144534,NOK 100,76,Keep It Country Concert,https://www.hamar-kulturhus.no/arrangementer/144534/keep-it-country-concert/,https://cdn.tixly.com/no/tix/EventImages/Event_49757.jpg?tixlyImageCacheKey=1791447797,16. oktober 2027,Ledige billetter
